{"highScore":4044,"sfxVolume":0.9000099897384644,"bgMusicVolume":0.00009999999747378752}
