{"Highscore":588,"SFXVolume":0.47876331210136416,"BGMusicVolume":0.2001514881849289}
